dg_id,driving_acc,driving_dist,player_name,sg_app,sg_arg,sg_ott,sg_putt,sg_total
18417,0.072,5.853,"Scheffler, Scottie",1.206,0.298,0.854,0.316,2.674
10091,-0.012,20.032,"McIlroy, Rory",0.744,0.196,0.883,0.426,2.249
22085,0.108,-1.025,"Morikawa, Collin",1.037,0.259,0.7,0.232,2.228
19195,0.029,15.248,"Rahm, Jon",0.604,0.329,0.952,0.198,2.083
19841,-0.011,24.24,"DeChambeau, Bryson",0.281,0.096,1.263,0.17,1.81
14139,-0.015,9.13,"Thomas, Justin",0.885,0.342,0.296,0.204,1.726
18079,-0.002,16.343,"Niemann, Joaquin",0.586,0.055,0.815,0.179,1.636
15466,0.005,5.705,"Cantlay, Patrick",0.728,0.224,0.386,0.213,1.551
14578,0.085,-7.669,"Henley, Russell",0.605,0.294,0.242,0.404,1.544
23323,0.026,4.222,"MacIntyre, Robert",0.589,0.229,0.538,0.177,1.534
17576,0.07,0.685,"Conners, Corey",0.599,0.096,0.649,0.133,1.478
13900,0.048,0.209,"Lowry, Shane",0.877,0.153,0.391,0.056,1.478
12294,0.059,-0.36,"Fleetwood, Tommy",0.806,0.181,0.37,0.061,1.418
23950,0.013,13.379,"Aberg, Ludvig",0.514,-0.021,0.784,0.135,1.413
5689,0.075,3.358,"Garcia, Sergio",0.504,0.111,0.741,0.01,1.365
13562,-0.011,3.101,"Matsuyama, Hideki",0.575,0.399,0.199,0.135,1.307
17511,0.074,-2.757,"Straka, Sepp",0.806,-0.038,0.361,0.124,1.253
18554,0.108,-7.323,"Rai, Aaron",0.591,0.072,0.48,0.105,1.248
14796,0.002,3.756,"Hatton, Tyrrell",0.635,0.189,0.181,0.208,1.214
17536,0.015,3.174,"Spaun, J.J.",0.809,0.041,0.304,0.032,1.186
19895,-0.025,8.715,"Schauffele, Xander",0.754,0.112,0.113,0.199,1.179
16841,-0.054,15.313,"Lee, Min Woo",0.093,0.32,0.241,0.524,1.178
27364,0.024,6.335,"Thompson, Davis",0.433,0.222,0.46,0.041,1.156
17780,0.002,11.414,"Pendrith, Taylor",0.51,-0.116,0.629,0.128,1.152
26096,0.044,-1.097,"Bhatia, Akshay",0.31,0.051,0.263,0.497,1.122
19428,-0.002,6.211,"Zalatoris, Will",0.662,0.057,0.372,-0.021,1.071
13872,0.033,5.104,"Bradley, Keegan",0.592,0.093,0.416,-0.067,1.033
17606,0.071,-1.171,"Berger, Daniel",0.34,0.182,0.347,0.153,1.022
17488,0.048,0.094,"Im, Sungjae",-0.025,0.304,0.348,0.363,0.99
18841,0.016,6.32,"Hovland, Viktor",0.643,-0.188,0.393,0.124,0.973
18634,-0.0,3.917,"McNealy, Maverick",0.343,0.047,0.242,0.331,0.963
19870,0.016,-4.74,"McCarthy, Denny",0.223,0.21,-0.155,0.684,0.962
9771,-0.009,2.102,"Day, Jason",0.216,0.208,0.167,0.367,0.957
24968,0.022,0.308,"Griffin, Ben",0.461,0.168,0.202,0.114,0.945
21554,0.036,-3.099,"Poston, J.T.",0.437,0.222,0.2,0.083,0.943
23604,-0.046,13.202,"Clark, Wyndham",0.18,0.184,0.258,0.313,0.934
17543,-0.01,2.941,"Kim, Michael",0.502,0.166,0.124,0.143,0.934
28984,-0.046,15.355,"Puig, David",0.177,-0.088,0.615,0.228,0.932
7399,0.102,-8.939,"Glover, Lucas",0.56,0.075,0.257,0.026,0.918
14502,0.007,0.525,"Cauley, Bud",0.42,0.166,0.196,0.123,0.906
29433,-0.013,0.344,"Bridgeman, Jacob",0.196,0.178,0.02,0.486,0.88
22322,0.022,9.07,"McKibbin, Tom",-0.028,-0.01,0.727,0.191,0.88
14735,-0.0,4.762,"Ortiz, Carlos",0.215,0.126,0.319,0.209,0.869
14609,0.06,-2.351,"Kim, Si Woo",0.426,0.18,0.307,-0.05,0.862
14459,-0.039,12.572,"An, Byeong Hun",0.26,0.075,0.512,-0.007,0.841
10419,0.023,-4.711,"Noren, Alex",0.403,0.202,0.035,0.2,0.839
24766,0.04,2.123,"Kim, Tom",0.621,0.028,0.232,-0.047,0.833
14838,0.016,-4.087,"Reed, Patrick",0.216,0.256,0.074,0.261,0.807
14424,-0.061,17.52,"Burmester, Dean",0.304,0.105,0.518,-0.126,0.801
20770,0.062,-2.086,"Munoz, Sebastian",0.367,-0.022,0.433,0.022,0.8
14795,0.04,4.795,"Canter, Laurie",0.286,-0.026,0.713,-0.176,0.796
23475,0.007,0.317,"Novak, Andrew",0.247,0.218,0.201,0.12,0.786
14636,0.024,5.43,"Spieth, Jordan",0.203,0.147,0.335,0.1,0.785
17365,-0.011,11.188,"Mitchell, Keith",0.357,-0.029,0.518,-0.078,0.768
16243,-0.017,5.739,"Koepka, Brooks",0.399,0.195,0.154,0.017,0.765
11676,-0.009,6.402,"Finau, Tony",0.382,0.201,0.257,-0.078,0.761
18474,0.024,4.525,"Smalley, Alex",0.171,0.12,0.41,0.055,0.756
21944,-0.0,7.82,"Moore, Taylor",0.024,0.158,0.382,0.189,0.753
23841,0.029,3.473,"Neergaard-Petersen, Rasmus",0.377,0.009,0.376,-0.023,0.739
16394,-0.036,6.091,"Jaeger, Stephan",0.33,0.199,-0.03,0.237,0.736
17881,0.012,9.073,"Yu, Kevin",0.498,-0.082,0.533,-0.246,0.703
27194,-0.032,0.968,"Hall, Harry",0.144,0.234,-0.12,0.433,0.69
32330,0.018,9.784,"Clanton, Luke",0.257,-0.195,0.61,0.006,0.677
28469,0.018,2.247,"Highsmith, Joe",0.257,-0.001,0.26,0.158,0.673
14181,-0.024,5.871,"Detry, Thomas",0.101,0.035,0.183,0.329,0.649
17064,-0.024,6.801,"Herbert, Lucas",-0.224,0.146,0.303,0.423,0.648
13412,0.01,2.499,"Olesen, Thorbjorn",0.29,0.079,0.2,0.067,0.636
15556,-0.022,1.754,"Hughes, Mackenzie",0.048,0.311,-0.101,0.377,0.635
11276,0.011,-1.019,"Horschel, Billy",0.127,0.129,0.095,0.279,0.631
14577,0.021,1.872,"English, Harris",-0.064,0.136,0.151,0.4,0.623
24550,0.051,-1.127,"Ghim, Doug",0.521,0.059,0.367,-0.331,0.616
13126,0.052,-7.272,"Taylor, Nick",0.503,0.071,0.109,-0.083,0.6
25157,0.054,-0.784,"Hodges, Lee",0.409,-0.069,0.264,-0.007,0.596
14013,0.023,-0.97,"Tringale, Cameron",0.335,0.092,-0.006,0.168,0.589
19483,-0.021,7.081,"Burns, Sam",-0.161,0.133,-0.037,0.645,0.579
23014,-0.027,5.986,"Theegala, Sahith",0.06,0.178,0.044,0.296,0.578
8825,0.055,-7.104,"Harman, Brian",0.343,0.1,0.033,0.092,0.569
25569,0.016,3.944,"Stevens, Sam",0.021,0.088,0.331,0.119,0.559
6430,-0.03,6.195,"Scott, Adam",0.296,0.108,0.134,0.018,0.556
29767,0.007,-0.749,"Gerard, Ryan",0.331,0.009,0.059,0.153,0.552
21074,0.014,0.217,"Nakajima, Keita",0.143,0.026,0.276,0.082,0.526
23504,0.044,5.132,"Hoey, Rico",0.384,-0.049,0.553,-0.364,0.524
22760,0.036,-2.418,"Hisatsune, Ryo",0.172,-0.025,0.198,0.177,0.522
15856,-0.071,0.584,"Smith, Cameron",-0.045,0.473,-0.438,0.505,0.495
18238,0.083,-5.637,"Ancer, Abraham",0.198,-0.182,0.354,0.123,0.492
26653,0.049,1.662,"Eckroat, Austin",0.115,-0.133,0.442,0.061,0.485
23505,0.07,-3.208,"McGreevy, Max",0.291,-0.052,0.381,-0.152,0.468
7649,-0.015,-1.545,"Leishman, Marc",0.343,0.192,-0.181,0.11,0.464
10104,0.026,0.605,"Power, Seamus",0.161,0.144,0.135,0.006,0.446
21891,-0.027,11.041,"Kitayama, Kurt",0.291,0.053,0.406,-0.311,0.439
7108,0.047,0.534,"Casey, Paul",0.323,0.084,0.221,-0.191,0.437
18103,0.018,-9.691,"Bezuidenhout, Christiaan",-0.048,0.281,-0.296,0.496,0.434
26850,-0.028,13.225,"Svensson, Jesper",-0.327,-0.014,0.473,0.293,0.425
20706,-0.012,3.662,"Wallace, Matt",0.132,0.326,0.057,-0.099,0.417
12577,-0.004,10.965,"Woodland, Gary",0.327,-0.221,0.393,-0.089,0.41
16283,-0.011,4.451,"Rodgers, Patrick",-0.009,0.189,0.016,0.191,0.387
17646,0.017,0.302,"Fitzpatrick, Matt",-0.11,0.032,0.126,0.323,0.371
23602,-0.046,10.478,"Hojgaard, Nicolai",0.315,-0.104,0.118,0.038,0.367
7672,0.059,-7.767,"Oosthuizen, Louis",0.246,0.047,-0.004,0.068,0.356
15575,0.013,-4.382,"Hoge, Tom",0.528,-0.073,-0.139,0.036,0.352
16602,0.003,6.706,"Varner III, Harold",0.15,0.003,0.382,-0.188,0.347
21756,-0.027,-1.721,"Cole, Eric",0.178,0.241,-0.277,0.205,0.347
15004,0.022,-0.691,"Kim, Chan",0.324,0.144,-0.021,-0.101,0.346
23465,-0.054,9.162,"Greyserman, Max",-0.075,0.07,-0.014,0.358,0.339
26745,-0.015,8.05,"Chacarra, Eugenio",0.041,-0.031,0.453,-0.132,0.331
14509,0.067,-4.678,"Dahmen, Joel",0.383,-0.071,0.316,-0.301,0.327
18586,0.042,0.187,"Smith, Jordan",0.055,-0.13,0.297,0.105,0.327
14792,0.028,-0.817,"Saddier, Adrien",0.233,-0.086,0.244,-0.072,0.319
12965,0.014,1.065,"Fowler, Rickie",0.08,-0.007,0.163,0.081,0.317
28635,0.05,-4.893,"McCarty, Matt",-0.059,0.042,0.143,0.19,0.316
25601,-0.008,2.097,"Jordan, Matthew",0.093,0.016,0.152,0.046,0.307
23838,-0.063,14.859,"Hojgaard, Rasmus",0.133,-0.047,0.044,0.176,0.306
25094,-0.022,5.688,"Fishburn, Patrick",0.065,-0.045,0.192,0.077,0.289
27183,0.012,8.93,"Salinda, Isaiah",-0.059,-0.032,0.467,-0.097,0.279
20730,0.014,0.954,"Perez, Victor",0.126,-0.105,0.121,0.123,0.264
26651,-0.056,13.468,"Young, Cameron",-0.091,0.023,0.241,0.091,0.264
15676,-0.045,19.276,"Norgaard, Niklas",-0.218,-0.315,0.57,0.221,0.258
6093,0.011,-0.153,"Rose, Justin",0.148,0.048,0.006,0.053,0.255
11657,0.046,-6.846,"Norlander, Henrik",0.518,-0.087,-0.074,-0.105,0.252
11357,-0.146,14.06,"Uihlein, Peter",0.223,0.225,-0.313,0.089,0.224
16715,0.027,-5.496,"Ryder, Sam",0.051,-0.045,-0.106,0.318,0.218
12423,0.02,-0.703,"Kirk, Chris",0.229,0.067,0.169,-0.254,0.21
7398,-0.021,-2.992,"Schwartzel, Charl",0.058,0.16,-0.327,0.316,0.207
11889,-0.069,7.547,"Fox, Ryan",0.195,0.039,-0.026,-0.005,0.203
23482,0.045,-7.21,"Sigg, Greyson",0.298,0.076,0.094,-0.28,0.188
12669,0.046,-4.741,"Lahiri, Anirban",0.034,0.145,0.17,-0.172,0.177
19396,-0.065,10.851,"Knapp, Jake",0.011,-0.083,0.066,0.181,0.175
10158,0.066,-5.77,"Luiten, Joost",0.171,-0.192,0.295,-0.109,0.165
18424,0.005,4.664,"Roy, Kevin",0.159,-0.031,0.26,-0.226,0.162
17786,-0.024,3.708,"Davis, Cam",0.163,0.159,-0.158,-0.009,0.153
16896,-0.011,-0.305,"Kruyswijk, Jacques",-0.226,0.182,0.02,0.161,0.137
17032,-0.056,13.963,"Tosti, Alejandro",0.032,0.009,0.336,-0.255,0.121
12808,0.055,-3.161,"Grillo, Emiliano",0.013,-0.288,0.253,0.137,0.115
6169,0.045,-13.33,"Kuchar, Matt",-0.029,0.214,-0.28,0.208,0.114
14704,0.066,-19.458,"Putnam, Andrew",0.27,0.236,-0.55,0.158,0.113
15310,-0.056,10.866,"Li, Haotong",0.324,-0.274,0.09,-0.034,0.106
27164,0.035,-4.797,"Phillips, Chandler",0.032,0.014,-0.022,0.072,0.095
22833,0.011,-3.954,"Echavarria, Nico",-0.024,-0.108,-0.16,0.386,0.095
21995,-0.046,8.501,"Springer, Hayden",-0.011,-0.016,0.047,0.069,0.089
27774,-0.082,16.12,"Gotterup, Chris",-0.013,-0.061,0.225,-0.071,0.081
28309,-0.024,9.387,"Coody, Pierceson",-0.254,-0.127,0.261,0.184,0.064
23656,0.073,-5.612,"Young, Carson",0.03,-0.244,0.307,-0.029,0.064
15229,-0.025,5.903,"Stone, Brandon",-0.098,-0.168,0.234,0.096,0.063
28159,-0.012,-0.957,"Meissner, Mac",0.176,0.136,-0.286,0.036,0.062
23816,0.004,-0.517,"Valimaki, Sami",0.113,-0.184,-0.139,0.272,0.062
17723,0.001,-4.528,"Lower, Justin",0.068,-0.124,-0.117,0.227,0.055
14698,-0.042,11.041,"Bramlett, Joseph",0.154,0.089,0.242,-0.433,0.052
15470,-0.039,0.931,"Hossler, Beau",-0.252,0.281,-0.386,0.4,0.043
14655,-0.007,5.824,"Murray, Grayson",0.041,-0.051,0.159,-0.108,0.041
13965,0.009,-2.133,"Hadwin, Adam",-0.026,0.144,-0.09,-0.005,0.023
5768,-0.004,2.963,"Hoffman, Charley",0.239,0.006,0.197,-0.421,0.02
20722,-0.015,7.791,"Schmid, Matti",0.016,-0.262,0.163,0.101,0.017
25908,-0.068,5.272,"Whaley, Vince",-0.304,0.14,-0.167,0.345,0.014
12422,-0.006,8.311,"Johnson, Dustin",-0.059,-0.046,0.317,-0.198,0.014
14196,-0.037,5.788,"Meronk, Adrian",-0.198,-0.149,0.067,0.291,0.011
14987,0.062,-6.668,"Laporta, Francesco",0.041,-0.031,0.135,-0.14,0.005
13764,0.035,-9.031,"Parry, John",0.115,0.057,-0.06,-0.109,0.003
13997,0.042,-6.658,"Svensson, Adam",0.074,0.147,-0.021,-0.199,0.001
15475,0.042,-6.49,"Pan, C.T.",-0.019,0.185,-0.065,-0.101,0.0
21646,0.081,-5.165,"Ferguson, Ewen",-0.004,-0.143,0.25,-0.11,-0.007
17550,-0.02,5.015,"Van Rooyen, Erik",-0.032,-0.032,0.06,-0.015,-0.019
20727,-0.03,9.246,"Coussaud, Ugo",-0.416,-0.092,0.329,0.159,-0.021
24497,-0.005,2.751,"Robinson-Thompson, Brandon",-0.229,0.017,0.012,0.166,-0.035
24342,-0.038,7.651,"Higgo, Garrick",-0.221,-0.007,0.114,0.07,-0.045
26649,-0.044,12.942,"Thorbjornsen, Michael",-0.11,-0.082,0.2,-0.057,-0.049
18770,-0.011,5.675,"Rozner, Antoine",0.3,-0.211,0.081,-0.225,-0.054
26991,0.04,-4.417,"Schaper, Jayden",-0.247,-0.023,0.059,0.137,-0.074
13508,-0.038,10.762,"Vegas, Jhonattan",0.119,-0.145,0.224,-0.274,-0.075
10201,0.001,1.995,"Guerrier, Julien",-0.391,0.036,0.092,0.185,-0.078
19840,0.018,-7.524,"Ramey, Chad",-0.114,0.005,-0.195,0.224,-0.081
18580,0.047,-5.917,"Gooch, Talor",0.113,-0.021,-0.067,-0.106,-0.081
13944,-0.055,4.564,"Pieters, Thomas",0.001,-0.006,-0.132,0.035,-0.102
18761,-0.061,11.683,"Mullinax, Trey",-0.033,-0.116,0.169,-0.124,-0.103
16333,0.029,-3.688,"Hubbard, Mark",0.077,-0.121,0.081,-0.15,-0.113
18517,-0.024,0.221,"Soderberg, Sebastian",0.194,-0.052,-0.179,-0.081,-0.118
23733,0.028,2.333,"Lacroix, Frederic",-0.06,-0.042,0.309,-0.328,-0.121
17538,-0.017,1.81,"Homa, Max",-0.287,0.183,-0.089,0.07,-0.122
20522,-0.007,5.075,"Veerman, Johannes",-0.113,-0.049,0.255,-0.218,-0.125
15330,0.013,-0.325,"Griffin, Lanto",0.05,-0.246,0.176,-0.12,-0.141
22985,0.02,-0.815,"Smotherman, Austin",0.13,-0.138,0.127,-0.264,-0.144
21362,-0.024,10.213,"Hillier, Daniel",0.076,-0.503,0.308,-0.043,-0.163
6516,0.058,-10.677,"Bland, Richard",0.048,0.03,-0.133,-0.109,-0.163
21688,-0.034,3.746,"Kim, S.H.",-0.48,0.07,-0.073,0.319,-0.164
12337,-0.002,2.496,"Kokrak, Jason",-0.093,-0.166,0.009,0.08,-0.17
24185,-0.019,8.105,"Mansell, Richard",-0.104,-0.002,0.365,-0.431,-0.173
28615,-0.029,7.912,"Bairstow, Sam",-0.319,-0.162,0.12,0.172,-0.189
12177,0.006,-9.602,"Pavan, Andrea",-0.006,0.084,-0.367,0.099,-0.19
14775,0.064,-17.038,"Bjork, Alexander",-0.047,-0.057,-0.408,0.305,-0.206
6986,0.072,-15.11,"Johnson, Zach",-0.237,0.09,-0.257,0.193,-0.211
7452,0.054,-12.811,"Na, Kevin",-0.071,0.147,-0.186,-0.122,-0.232
20766,0.027,-1.031,"Brown, Daniel",-0.195,-0.309,0.227,0.04,-0.238
19190,0.0,-2.919,"Hoshino, Rikuya",-0.174,-0.044,-0.174,0.151,-0.241
14559,0.007,-1.061,"Vincent, Scott",-0.305,-0.134,0.007,0.191,-0.241
10943,0.002,-6.905,"Lashley, Nate",0.08,0.058,-0.273,-0.107,-0.242
16395,0.1,-9.815,"Kohles, Ben",-0.004,-0.192,0.161,-0.207,-0.242
19960,0.014,-0.048,"Pavon, Matthieu",-0.197,-0.267,0.086,0.132,-0.246
22002,-0.048,3.906,"Dumont De Chassart, Adrien",-0.271,-0.054,-0.124,0.197,-0.252
22089,0.008,-0.527,"Syme, Connor",0.032,-0.158,0.002,-0.131,-0.255
1547,-0.016,-3.368,"Mickelson, Phil",0.161,-0.032,-0.128,-0.257,-0.256
14016,0.005,-2.413,"Campillo, Jorge",-0.09,0.082,-0.219,-0.032,-0.258
11451,0.083,-12.85,"Garnett, Brice",-0.2,0.119,-0.104,-0.077,-0.261
15326,0.04,-8.007,"Sullivan, Andy",-0.07,-0.038,-0.095,-0.064,-0.267
22608,-0.012,2.796,"Clements, Todd",-0.365,-0.116,0.071,0.126,-0.283
19538,-0.033,13.587,"Vincent, Kieran",-0.484,-0.217,0.486,-0.072,-0.287
19477,-0.028,5.8,"Schenk, Adam",-0.194,-0.115,0.072,-0.058,-0.295
15651,-0.018,6.747,"Ventura, Kris",-0.239,-0.268,0.158,0.051,-0.298
25362,-0.052,5.422,"Fitzpatrick, Alex",-0.203,0.075,-0.13,-0.041,-0.299
11049,-0.008,-1.843,"Simpson, Webb",-0.123,0.317,-0.338,-0.156,-0.3
22050,-0.005,-2.306,"Suh, Justin",-0.28,-0.062,-0.206,0.248,-0.301
17381,0.026,-5.52,"Silverman, Ben",-0.316,0.021,-0.054,0.048,-0.301
16652,-0.004,-3.985,"Langasque, Romain",-0.233,0.061,-0.326,0.194,-0.304
18524,0.074,-5.911,"Catlin, John",-0.122,-0.054,0.302,-0.431,-0.305
17357,-0.009,-0.929,"Migliozzi, Guido",-0.301,0.078,-0.07,-0.013,-0.306
19872,-0.055,5.413,"Riley, Davis",-0.276,0.048,-0.307,0.228,-0.308
7960,-0.012,7.09,"List, Luke",-0.351,-0.081,0.306,-0.183,-0.309
11460,-0.012,-13.266,"Manassero, Matteo",0.019,0.257,-0.783,0.196,-0.311
11019,0.016,5.098,"Steele, Brendan",0.047,-0.106,0.203,-0.457,-0.313
22259,-0.099,14.944,"Del Rey, Alejandro",-0.324,-0.192,0.023,0.167,-0.326
19421,-0.014,8.224,"Du Plessis, Hennie",0.029,-0.222,0.211,-0.36,-0.342
25131,-0.028,5.679,"Hill, Calum",-0.437,0.017,-0.01,0.088,-0.343
6892,-0.004,-0.147,"Howell III, Charles",-0.193,0.153,-0.013,-0.31,-0.363
21236,-0.066,0.596,"Bryan, Wesley",-0.109,0.076,-0.282,-0.05,-0.365
18187,0.058,-4.304,"Duncan, Tyler",-0.357,-0.123,0.223,-0.11,-0.367
25002,-0.003,-2.631,"Wu, Dylan",-0.158,-0.033,-0.184,-0.005,-0.38
22465,-0.056,18.359,"Penge, Marco",-0.59,-0.335,0.442,0.095,-0.387
11952,0.034,-7.835,"Grace, Branden",0.17,0.01,-0.022,-0.55,-0.391
12359,-0.036,1.083,"Stallings, Scott",0.005,0.076,-0.25,-0.227,-0.396
28276,-0.038,9.147,"Jang, Yubin",0.312,-0.401,0.249,-0.56,-0.4
18635,-0.022,-5.605,"Shelton, Robby",-0.217,0.207,-0.467,0.072,-0.404
32055,-0.009,5.516,"Shipley, Neal",-0.12,-0.14,0.072,-0.218,-0.406
18105,0.005,-1.497,"Lawrence, Thriston",-0.311,-0.06,-0.01,-0.038,-0.419
11117,-0.036,-3.785,"Noh, S.Y.",-0.18,0.116,-0.495,0.13,-0.429
30463,-0.048,8.84,"Surratt, Caleb",-0.209,-0.303,0.031,0.046,-0.434
13497,0.006,-1.448,"Lee, K.H.",-0.244,0.027,-0.044,-0.175,-0.436
19865,-0.024,5.251,"Hardy, Nick",0.03,-0.24,0.068,-0.308,-0.45
11396,0.064,-12.905,"Ramsay, Richie",-0.168,0.03,-0.181,-0.135,-0.454
20448,0.042,-7.891,"Katsuragawa, Yuto",-0.133,-0.061,-0.106,-0.157,-0.458
18027,0.059,-6.236,"Kimsey, Nathan",-0.422,-0.106,0.032,0.038,-0.459
11955,-0.051,4.686,"Frittelli, Dylan",-0.122,0.083,-0.076,-0.344,-0.46
14666,0.026,-0.552,"Johnston, Andrew",-0.287,-0.164,0.105,-0.114,-0.46
14975,0.108,-15.822,"Otaegui, Adrian",0.03,0.028,-0.179,-0.357,-0.478
14007,0.021,-6.326,"Martin, Ben",0.016,-0.188,-0.133,-0.175,-0.479
13470,0.003,-3.38,"Kizzire, Patton",-0.128,0.091,-0.228,-0.217,-0.481
12522,0.001,-3.964,"Schneider, Marcel",-0.167,-0.07,-0.133,-0.112,-0.481
22535,-0.019,10.112,"Norrman, Vincent",0.04,-0.218,0.251,-0.56,-0.488
18722,0.003,-2.577,"Gouveia, Ricardo",-0.069,-0.18,-0.073,-0.167,-0.488
7334,0.007,7.885,"Watson, Bubba",-0.459,-0.238,0.358,-0.155,-0.494
14140,-0.025,5.587,"Higgs, Harry",-0.449,-0.172,0.196,-0.075,-0.501
17813,-0.028,-3.701,"Armitage, Marcus",0.088,0.054,-0.3,-0.35,-0.508
7033,0.035,-10.994,"Molinari, Edoardo",-0.295,-0.01,-0.146,-0.057,-0.508
23542,-0.021,17.387,"Champ, Cameron",-0.536,-0.414,0.542,-0.102,-0.511
12920,-0.019,-5.105,"Willett, Danny",-0.375,0.156,-0.35,0.037,-0.533
17639,0.056,-18.021,"Blair, Zac",-0.005,0.067,-0.441,-0.159,-0.538
14018,0.025,-8.165,"Dantorp, Jens",-0.29,-0.153,-0.161,0.061,-0.543
19635,-0.08,12.642,"Cantero Gutierrez, Ivan",-0.381,-0.061,0.179,-0.288,-0.551
8605,-0.041,-1.198,"Jones, Matt",-0.28,-0.001,-0.261,-0.011,-0.554
24127,0.017,-4.097,"Hidalgo, Angel",-0.33,0.04,0.014,-0.279,-0.555
19866,-0.029,1.709,"Horsfield, Sam",-0.205,-0.141,-0.259,0.044,-0.56
26660,-0.02,8.007,"Gordon, Will",-0.179,-0.192,0.153,-0.343,-0.561
28270,-0.107,1.61,"Dunlap, Nick",0.067,0.089,-1.026,0.304,-0.565
25919,-0.057,16.139,"Wolff, Matthew",-0.329,-0.166,0.214,-0.302,-0.583
13831,0.016,-13.165,"Knox, Russell",0.054,0.012,-0.439,-0.214,-0.586
28157,-0.001,1.432,"Vaillant, Tom",-0.411,-0.091,0.037,-0.126,-0.591
14373,0.036,-18.775,"Campbell, Ben",-0.247,-0.118,-0.609,0.38,-0.594
8480,0.017,-6.185,"Streelman, Kevin",-0.158,-0.048,-0.173,-0.216,-0.596
16497,-0.017,4.444,"Dean, Joe",-0.227,-0.198,0.01,-0.196,-0.61
23610,-0.021,2.944,"Crocker, Sean",-0.127,-0.204,-0.074,-0.211,-0.615
16757,-0.05,3.669,"Dou, Zecheng",-0.238,-0.045,-0.145,-0.194,-0.622
9842,0.072,-6.288,"Zanotti, Fabrizio",-0.23,-0.187,0.12,-0.325,-0.622
26947,-0.022,1.939,"Jarvis, Casey",-0.036,-0.183,-0.086,-0.321,-0.626
11397,-0.004,-1.707,"Jamieson, Scott",-0.35,-0.078,-0.194,-0.008,-0.63
8820,0.063,-17.741,"Snedeker, Brandt",-0.474,0.029,-0.47,0.285,-0.63
26213,-0.04,-0.705,"Ko, Jeong Weon",-0.434,-0.009,-0.197,0.003,-0.638
8085,0.012,-2.468,"Teater, Josh",-0.124,-0.14,0.059,-0.446,-0.652
7655,0.052,-9.824,"Molinari, Francesco",-0.02,-0.202,-0.21,-0.222,-0.653
12530,-0.019,-0.684,"Green, Gavin",-0.249,-0.212,-0.242,0.043,-0.659
19738,-0.058,16.712,"Dougherty, Kevin",-0.504,-0.237,0.42,-0.348,-0.668
7489,0.078,-14.353,"Moore, Ryan",-0.026,0.006,-0.278,-0.374,-0.672
12988,-0.022,-7.511,"Elvira Mijares, Ignacio",-0.276,-0.059,-0.487,0.145,-0.676
16433,0.019,-3.416,"NeSmith, Matt",-0.273,-0.128,-0.165,-0.121,-0.687
12734,0.018,-10.804,"Scrivener, Jason",-0.383,-0.121,-0.359,0.166,-0.697
20353,0.018,-4.06,"Whitney, Tom",-0.031,-0.209,-0.025,-0.437,-0.702
5994,0.113,-10.491,"Stenson, Henrik",0.012,-0.155,0.158,-0.72,-0.704
16563,0.035,-5.376,"Lee, Chieh-Po",-0.38,0.04,0.118,-0.483,-0.705
15191,0.053,-3.825,"Southgate, Matthew",-0.351,-0.288,0.226,-0.294,-0.707
23416,-0.017,5.925,"Ravetto, David",-0.597,-0.137,0.157,-0.132,-0.71
6950,-0.018,-0.904,"Siem, Marcel",-0.201,-0.048,-0.087,-0.375,-0.711
19898,-0.019,-2.414,"Paul, Yannik",-0.253,-0.08,-0.322,-0.056,-0.712
19948,-0.039,-3.412,"Taylor, Ben",-0.404,0.114,-0.527,0.105,-0.712
5665,-0.024,-1.718,"Cink, Stewart",-0.346,0.075,-0.324,-0.124,-0.719
29971,0.031,-0.073,"Bradbury, Dan",-0.262,-0.315,0.143,-0.289,-0.723
25442,-0.093,-4.778,"Montgomery, Taylor",-0.58,0.175,-0.907,0.588,-0.724
13127,-0.038,3.281,"Tway, Kevin",-0.612,-0.032,-0.173,0.08,-0.738
15680,0.025,-14.968,"Winther, Jeff",-0.283,-0.183,-0.533,0.239,-0.76
15596,-0.021,-6.402,"Cockerill, Aaron",-0.519,-0.047,-0.475,0.276,-0.765
22231,-0.028,0.255,"Von Dellingshausen, Nicolai",-0.406,-0.146,-0.162,-0.061,-0.775
13089,0.023,-7.105,"Nemecz, Lukas",-0.202,-0.06,-0.17,-0.346,-0.779
17081,0.019,-7.058,"Sharma, Shubhankar",-0.17,-0.375,-0.334,0.097,-0.782
13139,-0.062,4.478,"Pulkkanen, Tapio",-0.529,-0.004,-0.259,0.004,-0.788
14209,-0.024,-0.961,"Kozuma, Jinichiro",-0.534,0.016,-0.193,-0.084,-0.794
18514,-0.002,-5.626,"Kinhult, Marcus",-0.435,-0.152,-0.328,0.119,-0.796
13305,-0.03,-0.439,"Chappell, Kevin",-0.277,-0.084,-0.248,-0.187,-0.796
19899,-0.036,2.279,"Rottluff, Max",-0.447,-0.154,-0.137,-0.071,-0.81
21880,-0.046,10.68,"Cone, Trevor",-0.27,-0.303,0.195,-0.432,-0.81
18244,-0.027,5.37,"Shinkwin, Callum",-0.604,-0.282,0.216,-0.141,-0.811
23549,-0.022,2.414,"Celli, Filippo",-0.347,-0.274,-0.069,-0.127,-0.817
9133,-0.013,-8.715,"Larrazabal, Pablo",-0.317,-0.03,-0.453,-0.019,-0.82
9586,0.014,-9.867,"Laird, Martin",-0.475,0.169,-0.507,-0.008,-0.821
12317,0.065,-7.503,"Kieffer, Maximilian",-0.427,-0.184,0.018,-0.242,-0.836
25363,0.033,-1.03,"Buckley, Hayden",-0.164,-0.369,0.115,-0.418,-0.836
15980,0.02,-11.258,"Lipsky, David",-0.105,0.045,-0.46,-0.338,-0.858
19224,-0.04,-0.949,"Micheluzzi, David",-0.696,-0.09,-0.341,0.267,-0.86
27780,-0.05,1.63,"Crowe, Trace",-0.367,-0.02,-0.389,-0.106,-0.882
25213,-0.029,-10.876,"Wu, Brandon",-0.207,0.103,-0.806,0.027,-0.882
11374,0.008,-3.38,"Hahn, James",-0.503,-0.204,-0.137,-0.044,-0.888
5716,-0.014,-1.957,"Harrington, Padraig",-0.173,-0.057,-0.18,-0.485,-0.895
12321,-0.018,-6.754,"Aphibarnrat, Kiradech",-0.608,-0.013,-0.365,0.085,-0.901
7961,0.058,-15.013,"Reavie, Chez",-0.111,-0.115,-0.437,-0.243,-0.905
15113,0.061,-19.462,"Pepperell, Eddie",-0.235,-0.12,-0.588,0.029,-0.914
15852,0.041,-13.852,"Kraft, Kelly",-0.204,-0.263,-0.52,0.064,-0.923
30428,-0.043,7.301,"Masaveu, Luis",-0.625,-0.117,0.093,-0.276,-0.926
16475,-0.058,8.169,"Forrest, Grant",-0.488,-0.161,-0.048,-0.23,-0.927
9171,-0.033,-10.833,"Villegas, Camilo",-0.167,0.09,-0.669,-0.189,-0.936
1435,0.011,-10.982,"Poulter, Ian",-0.309,0.061,-0.452,-0.248,-0.948
26008,-0.023,1.659,"Elvira, Manuel",-0.435,-0.313,0.023,-0.231,-0.957
18174,-0.001,-2.607,"Ritchie, JC",-0.336,-0.14,-0.167,-0.314,-0.957
25888,0.034,-10.825,"Germishuys, Deon",-0.488,-0.229,-0.228,-0.031,-0.976
12426,-0.012,-0.863,"Waring, Paul",-0.126,-0.253,-0.189,-0.413,-0.981
14002,-0.074,0.223,"Alexander, Tyson",-0.495,0.057,-0.641,0.089,-0.99
25588,0.009,-3.654,"Wilson, Andrew",-0.403,-0.208,-0.197,-0.193,-1.001
23892,0.057,-4.282,"Gumberg, Jordan",-0.516,-0.402,0.205,-0.299,-1.013
11826,-0.003,-8.693,"Lee, Danny",-0.125,-0.118,-0.598,-0.171,-1.013
18579,0.025,-14.717,"Cook, Austin",-0.452,0.084,-0.518,-0.14,-1.026
13367,0.023,-7.295,"Merritt, Troy",-0.29,-0.049,-0.271,-0.421,-1.031
10873,-0.079,1.351,"Skinns, David",-0.224,-0.098,-0.57,-0.142,-1.034
9252,0.06,-9.739,"Korhonen, Mikko",-0.35,-0.166,-0.234,-0.297,-1.047
8117,-0.005,-11.396,"Kaymer, Martin",-0.098,-0.186,-0.638,-0.13,-1.051
20519,-0.077,4.98,"Tarren, Callum",-0.166,-0.159,-0.334,-0.392,-1.052
13374,0.024,-11.694,"Van Driel, Darius",-0.485,-0.065,-0.352,-0.157,-1.059
9531,-0.008,-8.832,"Wiesberger, Bernd",-0.205,0.075,-0.52,-0.414,-1.064
24093,-0.051,6.481,"Williams, Robin",-0.683,-0.195,-0.054,-0.152,-1.084
7548,0.029,-13.816,"McDowell, Graeme",-0.213,-0.081,-0.469,-0.324,-1.087
7679,0.074,-24.534,"Aiken, Thomas",-0.293,-0.139,-0.769,0.11,-1.09
17718,-0.024,-0.165,"Sordet, Clement",-0.513,0.08,-0.25,-0.412,-1.095
20190,-0.061,2.011,"Helligkilde, Marcus",-0.412,-0.133,-0.354,-0.201,-1.101
27598,-0.068,3.816,"Nicholas, James",-0.462,-0.161,-0.278,-0.213,-1.115
14784,-0.031,1.05,"Law, David",-0.611,-0.109,-0.239,-0.185,-1.143
19208,0.012,-8.667,"Endycott, Harrison",-0.499,-0.036,-0.461,-0.151,-1.147
14050,0.006,-10.35,"Sloan, Roger",-0.388,-0.083,-0.603,-0.084,-1.158
5754,0.067,-16.266,"Fichardt, Darren",-0.572,-0.154,-0.206,-0.231,-1.163
14967,-0.032,0.116,"Hadley, Chesson",-0.502,-0.312,-0.323,-0.034,-1.172
12909,-0.066,2.749,"Campos, Rafael",-0.46,-0.163,-0.459,-0.104,-1.187
27554,-0.073,8.811,"Jones, Sam",-0.693,-0.29,-0.099,-0.115,-1.196
27597,-0.044,1.603,"Ogletree, Andy",-0.679,-0.136,-0.313,-0.082,-1.211
26562,0.004,-3.428,"Besard, Matthis",-0.841,-0.137,-0.191,-0.05,-1.219
19364,-0.032,-0.798,"Werenski, Richy",-0.747,-0.052,-0.315,-0.114,-1.228
9675,-0.029,-2.375,"Lorenzo-Vera, Michael",-0.583,-0.099,-0.35,-0.22,-1.252
14926,-0.092,-2.87,"Malnati, Peter",-0.499,0.215,-0.817,-0.176,-1.276
17266,-0.055,6.747,"Yuan, Carl",-0.654,-0.145,-0.158,-0.321,-1.277
25138,-0.049,-0.665,"Long, Hurly",-0.833,0.023,-0.318,-0.161,-1.288
27588,-0.055,8.25,"Schott, Freddy",-0.627,-0.41,-0.135,-0.126,-1.298
7887,-0.051,1.202,"Garcia-Heredia, Alfredo",-0.529,-0.25,-0.242,-0.282,-1.303
11763,0.003,-11.804,"Wu, Ashun",-0.597,0.037,-0.601,-0.16,-1.32
7899,0.027,-9.043,"Piercy, Scott",-0.435,-0.165,-0.313,-0.426,-1.338
23112,-0.03,0.696,"De Bruyn, Jannik",-0.758,-0.138,-0.209,-0.24,-1.345
17068,-0.057,7.507,"Daffue, MJ",-0.693,-0.273,-0.096,-0.286,-1.349
18536,-0.064,3.366,"McCormick, Ryan",-0.534,-0.247,-0.424,-0.148,-1.352
23236,-0.049,-2.112,"Arnaus, Adri",-0.725,-0.27,-0.528,0.162,-1.361
6762,0.033,-17.576,"Perez, Pat",-0.6,0.032,-0.8,-0.006,-1.374
13821,-0.033,-6.14,"Whitnell, Dale",-0.393,-0.248,-0.484,-0.263,-1.388
19455,-0.071,5.301,"Pereira, Mito",-0.489,-0.202,-0.582,-0.137,-1.411
15473,0.019,-14.92,"Long, Adam",-0.6,0.041,-0.752,-0.114,-1.425
15592,0.085,-9.177,"Girrbach, Joel",-0.635,-0.307,0.016,-0.506,-1.433
16421,-0.026,-2.385,"Johannessen, Kristian K.",-1.137,-0.121,-0.237,0.055,-1.439
4052,-0.024,-8.158,"Westwood, Lee",-0.611,0.052,-0.504,-0.39,-1.453
19806,-0.019,-4.431,"Forsstrom, Simon",-0.477,-0.228,-0.351,-0.403,-1.459
27870,-0.067,4.415,"Coody, Parker",-0.475,-0.254,-0.457,-0.284,-1.47
7955,-0.081,-0.981,"Watney, Nick",-0.346,-0.197,-0.663,-0.264,-1.47
13530,0.057,-13.139,"Kawamura, Masahiro",-0.685,-0.187,-0.242,-0.358,-1.472
6893,-0.058,3.771,"Colsaerts, Nicolas",-0.672,-0.15,-0.207,-0.474,-1.504
25771,-0.076,6.896,"Furr, Wilson",-0.741,-0.154,-0.431,-0.184,-1.51
10033,0.031,-24.867,"Figueiredo, Pedro",-0.601,-0.119,-0.975,0.175,-1.521
24052,-0.032,-5.981,"Davidson, Jack",-0.531,-0.233,-0.568,-0.208,-1.539
9396,-0.039,5.304,"Fisher, Ross",-0.451,-0.449,-0.17,-0.479,-1.549
10886,-0.056,-8.165,"Harding, Justin",-0.643,-0.125,-0.939,0.153,-1.553
29348,-0.085,5.396,"Hale Jr, Blaine",-0.526,-0.372,-0.417,-0.242,-1.558
16897,-0.061,4.428,"Lombard, Zander",-0.823,-0.17,-0.565,-0.042,-1.599
24657,-0.007,-6.539,"Friedrichsen, Sebastian",-0.7,-0.339,-0.456,-0.108,-1.602
11328,0.016,-15.235,"Kisner, Kevin",-0.842,-0.001,-0.69,-0.089,-1.622
24660,-0.028,-11.841,"Kjettrup, Frederik",-0.274,-0.332,-0.955,-0.096,-1.656
8182,-0.025,-4.159,"Blixt, Jonas",-1.343,-0.002,-0.238,-0.077,-1.659
20704,0.058,-23.951,"Tarrio, Santiago",-0.347,-0.032,-0.826,-0.459,-1.665
12650,-0.003,-12.413,"Huizing, Daan",-0.78,-0.225,-0.752,0.077,-1.68
6149,0.068,-27.909,"Kjeldsen, Soren",-0.39,-0.087,-0.954,-0.254,-1.685
20084,-0.08,16.15,"Lindberg, Mikael",-1.2,-0.255,-0.01,-0.243,-1.709
7301,-0.001,-9.349,"Dufner, Jason",-0.49,-0.146,-0.512,-0.575,-1.723
6252,-0.048,-17.321,"Baddeley, Aaron",-0.601,0.269,-1.366,-0.046,-1.744
12425,0.018,-20.289,"Todd, Brendon",-1.23,0.21,-1.094,0.369,-1.746
19637,-0.015,-4.908,"Axelsen, John",-0.856,-0.21,-0.487,-0.218,-1.771
16549,-0.065,-2.271,"Paratore, Renato",-0.911,-0.06,-0.865,0.063,-1.774
7457,-0.009,-9.319,"Cabrera Bello, Rafa",-1.024,-0.171,-0.518,-0.083,-1.796
16409,-0.081,8.884,"Ruuska, Lauri",-0.878,-0.199,-0.274,-0.47,-1.821
12821,-0.114,5.811,"De Jager, Louis",-0.873,-0.062,-0.684,-0.209,-1.827
14852,-0.039,-6.3,"Streb, Robert",-0.622,-0.139,-0.722,-0.348,-1.831
14973,-0.007,-5.555,"Levy, Alexander",-1.051,-0.234,-0.462,-0.088,-1.834
8045,-0.027,-1.062,"Walters, Justin",-0.838,-0.257,-0.391,-0.362,-1.849
15164,-0.041,1.349,"Lewis, Tom",-0.673,-0.224,-0.373,-0.585,-1.855
11061,0.056,-19.907,"Morrison, James",-1.02,-0.065,-0.68,-0.093,-1.858
4163,-0.015,-20.113,"Donald, Luke",-0.685,0.136,-1.334,0.023,-1.859
15016,-0.033,-10.106,"Schwab, Matthias",-0.634,-0.028,-1.119,-0.084,-1.865
7293,-0.075,0.959,"Walker, Jimmy",-0.684,-0.149,-0.636,-0.402,-1.871
23163,-0.03,-0.703,"Enefer, Will",-0.732,-0.405,-0.452,-0.293,-1.882
14409,-0.028,-7.805,"Wiebe, Gunner",-0.867,-0.296,-0.651,-0.079,-1.893
14120,-0.043,-4.382,"Samooja, Kalle",-0.64,-0.214,-0.741,-0.298,-1.893
8300,-0.069,-4.718,"Wilson, Oliver",-1.105,-0.021,-0.82,0.042,-1.904
10423,-0.073,8.266,"Brehm, Ryan",-0.831,-0.432,-0.23,-0.428,-1.92
7820,-0.011,-6.309,"Palmer, Ryan",-0.941,-0.161,-0.353,-0.481,-1.936
12258,-0.057,-2.695,"Garcia Rodriguez, Sebastian",-0.812,-0.231,-0.646,-0.279,-1.968
12318,-0.066,2.742,"Knappe, Alexander",-1.341,-0.315,-0.383,0.066,-1.974
13731,-0.041,-1.627,"Strydom, Ockie",-0.895,-0.281,-0.397,-0.414,-1.986
16566,-0.049,9.14,"Barjon, Paul",-1.051,-0.604,-0.106,-0.235,-1.995
23781,-0.065,-1.157,"Hanna, Chase",-1.163,-0.195,-0.749,0.083,-2.025
20846,-0.015,-7.469,"Scalise, Lorenzo",-0.924,-0.266,-0.595,-0.259,-2.045
13344,0.003,-9.628,"Baldwin, Matthew",-0.521,-0.31,-0.574,-0.671,-2.076
13281,-0.015,-12.7,"Rusch, Benjamin",-1.113,0.011,-0.812,-0.189,-2.102
16363,-0.052,-13.971,"Brun, Julien",-0.837,-0.027,-1.34,0.061,-2.143
23016,-0.074,0.642,"Bachem, Nick",-1.092,-0.081,-0.633,-0.343,-2.148
17508,-0.028,-2.297,"Gribble, Cody",-0.938,-0.209,-0.472,-0.547,-2.166
16400,-0.021,2.631,"Porteous, Garrick",-1.126,-0.529,-0.235,-0.278,-2.168
12819,-0.078,8.386,"Bekker, Oliver",-0.996,-0.209,-0.363,-0.643,-2.211
11641,-0.108,-4.32,"Kim, Anthony",-0.906,-0.136,-1.037,-0.275,-2.355
5647,-0.044,-7.279,"Gallacher, Stephen",-1.214,-0.274,-0.762,-0.218,-2.469
15634,-0.099,-1.852,"Trainer, Martin",-1.375,-0.093,-1.133,0.04,-2.562
7881,-0.052,-10.004,"Kang, Sung",-1.17,-0.248,-0.948,-0.249,-2.615
18241,-0.135,-8.292,"Gavins, Daniel",-1.026,-0.041,-1.603,0.023,-2.647
7567,-0.042,-6.709,"Warren, Marc",-1.582,-0.479,-0.919,-0.221,-3.202
14706,-0.097,-3.775,"Swafford, Hudson",-1.206,-0.631,-1.41,-0.291,-3.539
14799,-0.131,-2.728,"Barnes, Erik",-1.814,-0.272,-1.78,-0.308,-4.174
