am,country,datagolf_rank,dg_id,dg_skill_estimate,owgr_rank,player_name,primary_tour
0,USA,1,18417,2.72220988295962,1,Scottie Scheffler,PGA
0,NIR,2,10091,2.40023644942016,2,Rory McIlroy,PGA
0,USA,3,22085,2.03236828885213,4,Collin Morikawa,PGA
0,ESP,4,19195,1.91939256213797,69,Jon Rahm,LIV
0,USA,5,14139,1.61821676591802,8,Justin Thomas,PGA
0,USA,6,19895,1.61434892539306,3,Xander Schauffele,PGA
0,USA,7,19841,1.6123908038682,11,Bryson DeChambeau,LIV
0,USA,8,14578,1.58577540934324,7,Russell Henley,PGA
0,CAN,9,17576,1.50759167518381,21,Corey Conners,PGA
0,ENG,10,12294,1.46184955951646,12,Tommy Fleetwood,PGA
0,CHI,11,18079,1.45605740197738,81,Joaquin Niemann,LIV
0,USA,12,15466,1.43048677937385,16,Patrick Cantlay,PGA
0,ENG,13,14796,1.42626082920115,18,Tyrrell Hatton,LIV
0,JPN,14,13562,1.42300614993074,6,Hideki Matsuyama,PGA
0,IRL,15,13900,1.41474534237181,15,Shane Lowry,PGA
0,SWE,16,23950,1.38149600921938,5,Ludvig Aberg,PGA
0,AUT,17,17511,1.22725753223237,17,Sepp Straka,PGA
0,USA,18,19870,1.19173876545988,41,Denny McCarthy,PGA
0,SCO,19,23323,1.18312649302973,20,Robert MacIntyre,PGA
0,ESP,20,5689,1.14540047467288,394,Sergio Garcia,LIV
0,KOR,21,17488,1.14449926763404,22,Sungjae Im,PGA
0,AUS,22,9771,1.13363750016436,31,Jason Day,PGA
0,ENG,23,18554,1.10360148267469,28,Aaron Rai,PGA
0,NOR,24,18841,1.07042783739542,9,Viktor Hovland,PGA
0,USA,25,13872,1.06606121722499,19,Keegan Bradley,PGA
0,USA,26,17543,1.06386464511209,51,Michael Kim,PGA
0,USA,27,17606,1.05974821514508,40,Daniel Berger,PGA
0,USA,28,14838,1.02297419985705,49,Patrick Reed,LIV
0,USA,29,17536,1.02098822444928,29,J.J. Spaun,PGA
0,USA,30,26096,1.00607476769289,26,Akshay Bhatia,PGA
0,AUS,31,16841,0.981333033813075,25,Min Woo Lee,PGA
0,USA,32,18634,0.934001806067572,10,Maverick McNealy,PGA
0,USA,33,7399,0.910258671595026,34,Lucas Glover,PGA
0,CAN,34,17780,0.856664697819497,43,Taylor Pendrith,PGA
0,KOR,35,14459,0.840746615986073,37,Byeong Hun An,PGA
0,KOR,36,14609,0.82510942743298,72,Si Woo Kim,PGA
0,USA,37,29433,0.825104965908313,71,Jacob Bridgeman,PGA
0,USA,38,21554,0.820102439425554,47,J.T. Poston,PGA
0,USA,39,23604,0.817709102980532,14,Wyndham Clark,PGA
0,USA,40,27364,0.803779916317149,50,Davis Thompson,PGA
0,USA,41,14577,0.80261904788577,33,Harris English,PGA
0,USA,42,19483,0.802371252483289,39,Sam Burns,PGA
0,USA,43,24968,0.793481280680252,55,Ben Griffin,PGA
0,USA,44,14636,0.78185829841077,58,Jordan Spieth,PGA
0,MEX,45,14735,0.773409058475044,215,Carlos Ortiz,LIV
0,ESP,46,28984,0.761541990436238,101,David Puig,LIV
0,USA,47,16243,0.748341583694039,263,Brooks Koepka,LIV
0,USA,48,11676,0.730718290116575,38,Tony Finau,PGA
0,ENG,49,27194,0.721790899418255,95,Harry Hall,PGA
0,USA,50,8825,0.720264140805966,24,Brian Harman,PGA
0,RSA,51,14424,0.711266639616904,157,Dean Burmester,LIV
0,ENG,52,6093,0.707024387105921,12,Justin Rose,PGA
0,USA,53,14502,0.690690343331878,86,Bud Cauley,PGA
0,USA,54,23465,0.688833022199372,44,Max Greyserman,PGA
0,AUS,55,6430,0.677034252832842,35,Adam Scott,PGA
0,USA,56,29767,0.674715847535622,83,Ryan Gerard,PGA
0,USA,57,11276,0.671542401095759,23,Billy Horschel,PGA
0,NIR,58,22322,0.668779216599377,119,Tom McKibbin,EURO
0,USA,59,19428,0.664205105459731,68,Will Zalatoris,PGA
0,GER,60,16394,0.661134620192973,45,Stephan Jaeger,PGA
0,USA,61,15575,0.648159098649513,42,Tom Hoge,PGA
0,AUS,62,7649,0.632004763702014,461,Marc Leishman,LIV
0,DEN,63,23841,0.624206162264313,80,Rasmus Neergaard-Petersen,EURO
0,USA,64,23475,0.612404773184978,62,Andrew Novak,PGA
0,COL,65,20770,0.611715087215493,501,Sebastian Munoz,LIV
0,USA,66,14013,0.603851320065666,501,Cameron Tringale,LIV
0,USA,67,23014,0.599832328115182,27,Sahith Theegala,PGA
0,USA,68,21944,0.598221161311438,85,Taylor Moore,PGA
0,USA,69,17365,0.594420313012289,98,Keith Mitchell,PGA
1,USA,70,32330,0.58237482765278,99,Luke Clanton,PGA
0,AUS,71,15856,0.575568876559293,127,Cameron Smith,LIV
0,USA,72,28469,0.567257147680112,64,Joe Highsmith,PGA
0,CAN,73,15556,0.563871930938582,65,Mackenzie Hughes,PGA
0,CAN,74,13126,0.555607914929866,32,Nick Taylor,PGA
0,DEN,75,13412,0.547552072532803,82,Thorbjorn Olesen,EURO
0,AUS,76,17064,0.536702700733135,290,Lucas Herbert,LIV
0,KOR,77,24766,0.530999359656999,36,Tom Kim,PGA
0,USA,78,18474,0.530601184954655,126,Alex Smalley,PGA
0,RSA,79,7672,0.526953585215996,270,Louis Oosthuizen,LIV
0,MEX,80,18238,0.501888100200241,447,Abraham Ancer,LIV
0,USA,81,25157,0.501497186970128,94,Lee Hodges,PGA
0,ENG,82,7108,0.483211414412528,501,Paul Casey,LIV
0,USA,83,6169,0.481316538132406,129,Matt Kuchar,PGA
0,BEL,84,14181,0.477399925541953,30,Thomas Detry,PGA
0,USA,85,28635,0.471860023419812,52,Matt McCarty,PGA
0,USA,86,16283,0.471380933446421,74,Patrick Rodgers,PGA
0,RSA,87,18103,0.451434026767002,59,Christiaan Bezuidenhout,PGA
0,USA,88,25569,0.446051545651067,78,Sam Stevens,PGA
0,DEN,89,23838,0.439305366201441,54,Rasmus Hojgaard,EURO
0,USA,90,21756,0.419661068147759,63,Eric Cole,PGA
0,IRL,91,10104,0.408361151237423,118,Seamus Power,PGA
0,ENG,92,14795,0.40295926406888,53,Laurie Canter,EURO
0,USA,93,12577,0.402939703216957,91,Gary Woodland,PGA
0,JPN,94,21074,0.397085491990956,102,Keita Nakajima,EURO
0,USA,95,24550,0.395937446149343,109,Doug Ghim,PGA
0,USA,96,25094,0.376195282220456,105,Patrick Fishburn,PGA
0,USA,97,14704,0.373589719793265,150,Andrew Putnam,PGA
0,USA,98,11357,0.356545322938788,154,Peter Uihlein,LIV
0,TPE,99,17881,0.355693463782698,79,Kevin Yu,PGA
0,USA,100,15004,0.350106418128032,134,Chan Kim,PGA
0,ENG,101,17646,0.3493527113436,75,Matt Fitzpatrick,PGA
0,USA,102,23505,0.347204140297189,76,Max McGreevy,PGA
0,USA,103,6986,0.346225987893619,165,Zach Johnson,PGA
0,SWE,104,26850,0.337590844906679,110,Jesper Svensson,PGA
0,USA,105,16715,0.336256610222369,147,Sam Ryder,PGA
0,RSA,106,7398,0.332917084448262,351,Charl Schwartzel,LIV
0,ENG,107,20706,0.325996136629355,89,Matt Wallace,PGA
0,USA,108,21891,0.325787514990853,108,Kurt Kitayama,PGA
0,JPN,109,22760,0.320826935648671,90,Ryo Hisatsune,PGA
0,PHI,110,23504,0.314426922040477,122,Rico Hoey,PGA
0,SWE,111,11657,0.309783584571241,172,Henrik Norlander,PGA
0,USA,112,12965,0.307616207444937,114,Rickie Fowler,PGA
0,USA,113,26653,0.301594527833874,57,Austin Eckroat,PGA
0,NZL,114,11889,0.274120153404798,111,Ryan Fox,PGA
0,RSA,115,7677,0.266907932510468,100,Shaun Norris,JPN
0,ENG,116,18586,0.263772453835229,123,Jordan Smith,EURO
0,FRA,117,20730,0.2543375458859,104,Victor Perez,PGA
0,USA,118,28159,0.242934951575973,158,Mac Meissner,PGA
0,ENG,119,25601,0.238605767868584,125,Matthew Jordan,EURO
0,USA,120,15470,0.233064459675151,92,Beau Hossler,PGA
0,USA,121,32457,0.230115701268698,155,Johnny Keefer,KFT
0,COL,122,22833,0.228510035109686,48,Nico Echavarria,PGA
0,USA,123,12423,0.227063441862754,77,Chris Kirk,PGA
0,USA,124,17723,0.22347941401356,93,Justin Lower,PGA
0,USA,125,18628,0.218914996913822,107,Brian Campbell,KFT
0,FRA,126,14792,0.213814919556129,181,Adrien Saddier,EURO
0,USA,127,27996,0.211462696321906,238,Quade Cummins,PGA
0,USA,128,19396,0.187696718872101,88,Jake Knapp,PGA
0,DEN,129,15676,0.172901752582997,106,Niklas Norgaard,EURO
0,NED,130,10158,0.171952620928965,204,Joost Luiten,EURO
0,ENG,131,6516,0.159379501802027,501,Richard Bland,LIV
0,DEN,132,23602,0.155396117625265,87,Nicolai Hojgaard,PGA
0,USA,133,14509,0.144722525123477,176,Joel Dahmen,PGA
0,USA,134,5768,0.140094931153922,115,Charley Hoffman,PGA
0,IND,135,12669,0.13727745629674,501,Anirban Lahiri,LIV
0,USA,136,27164,0.120894850544715,153,Chandler Phillips,PGA
0,USA,137,26651,0.106081211876142,61,Cameron Young,PGA
0,USA,138,18424,0.104351696408915,194,Kevin Roy,PGA
0,ENG,139,13764,0.101594991485739,103,John Parry,EURO
0,RSA,140,16896,0.0946638640900243,178,Jacques Kruyswijk,EURO
0,RSA,141,15193,0.0945549302272645,144,Daniel Van Tonder,AFR
0,RSA,142,15229,0.0941259076576538,241,Brandon Stone,EURO
0,USA,143,26657,0.0887599492192767,159,Steven Fisk,PGA
0,JPN,144,19729,0.0803783500829679,184,Takumi Kanaya,PGA
0,CAN,145,13965,0.0796211898431688,84,Adam Hadwin,PGA
0,USA,146,27183,0.0752881995168552,162,Isaiah Salinda,PGA
0,USA,147,17538,0.0724341246639286,67,Max Homa,PGA
0,ARG,148,12808,0.0723487058068345,138,Emiliano Grillo,PGA
0,USA,149,21995,0.068895522339069,131,Hayden Springer,PGA
0,ITA,150,11460,0.0494415492507141,121,Matteo Manassero,PGA
0,FIN,151,23816,0.0382537796882132,112,Sami Valimaki,PGA
0,ESP,152,26745,0.0255489292914914,167,Eugenio Chacarra,ASA
0,USA,153,25908,0.0188478540864589,151,Vince Whaley,PGA
0,SWE,154,18517,0.0185748773405252,137,Sebastian Soderberg,EURO
0,RSA,155,17550,0.0148464701850015,96,Erik Van Rooyen,PGA
0,POL,156,14196,0.0124781597618929,205,Adrian Meronk,LIV
0,FRA,157,10201,0.0123206827096938,136,Julien Guerrier,EURO
0,USA,158,12422,0.0065571383144584,501,Dustin Johnson,LIV
0,USA,159,23656,0.003249969607635,156,Carson Young,PGA
0,GER,160,20722,0.0016862584155172,120,Matti Schmid,PGA
0,JPN,161,20954,-0.0013051306493148,115,Kensei Hirata,JPN
0,AUS,162,17786,-0.0027450669335302,60,Cam Davis,PGA
0,USA,163,28309,-0.0145653843284247,180,Pierceson Coody,PGA
0,USA,164,23482,-0.0257046360470042,182,Greyson Sigg,PGA
0,USA,165,27819,-0.0258187149414532,231,Ricky Castillo,PGA
0,ENG,166,24497,-0.0272617834616267,193,Brandon Robinson-Thompson,EURO
0,USA,167,18580,-0.0292446045243408,501,Talor Gooch,LIV
0,USA,168,16602,-0.0314999593463965,501,Harold Varner III,LIV
0,VEN,169,13508,-0.0334657356554757,70,Jhonattan Vegas,PGA
0,BEL,170,13944,-0.0356558827921895,448,Thomas Pieters,LIV
0,ITA,171,14987,-0.0393254477535836,243,Francesco Laporta,EURO
0,TPE,172,15475,-0.0501009380692334,139,C.T. Pan,PGA
0,CHN,173,15310,-0.0511349769042552,149,Haotong Li,EURO
0,ESP,174,14016,-0.0513781666643142,128,Jorge Campillo,EURO
0,USA,175,24962,-0.054902248586833,230,Alistair Docherty,KFT
0,CHN,176,26193,-0.0724250816074688,429,Wenyi Ding,EURO
0,USA,177,19840,-0.0841046635470697,228,Chad Ramey,PGA
0,FRA,178,20727,-0.0941129373926841,214,Ugo Coussaud,EURO
0,USA,179,14698,-0.0964065765972773,234,Joseph Bramlett,PGA
0,USA,180,30620,-0.105592174659924,253,Davis Chatfield,KFT
0,FRA,181,18770,-0.107083829443529,135,Antoine Rozner,PGA
0,FRA,182,16652,-0.108237515917183,113,Romain Langasque,EURO
0,CAN,183,13997,-0.116859670494364,166,Adam Svensson,PGA
0,USA,184,19872,-0.117496819063154,97,Davis Riley,PGA
0,RSA,185,26991,-0.117689668079345,222,Jayden Schaper,EURO
0,USA,186,12337,-0.118133454560566,493,Jason Kokrak,LIV
0,ITA,187,12177,-0.123240781706895,266,Andrea Pavan,EURO
0,USA,188,25003,-0.131413090861455,186,Danny Walker,PGA
0,USA,189,26126,-0.136554156166094,322,Mitchell Meissner,KFT
0,USA,190,27774,-0.160280252250361,209,Chris Gotterup,PGA
0,SCO,191,21646,-0.16111630120205,174,Ewen Ferguson,EURO
0,USA,192,11049,-0.164032351737967,377,Webb Simpson,PGA
0,USA,193,22985,-0.166621393508046,272,Austin Smotherman,KFT
0,USA,194,15330,-0.16978407204425,256,Lanto Griffin,PGA
0,ENG,195,15326,-0.189754796493798,221,Andy Sullivan,EURO
0,USA,196,10943,-0.190777004624431,198,Nate Lashley,PGA
0,ZIM,197,14559,-0.194922825971062,450,Scott Vincent,ASA
0,ARG,198,17032,-0.195992309865451,148,Alejandro Tosti,PGA
0,USA,199,26649,-0.205058261329607,191,Michael Thorbjornsen,PGA
0,USA,200,16333,-0.205334462298516,130,Mark Hubbard,PGA
0,ENG,201,28615,-0.206353459780403,183,Sam Bairstow,EURO
0,USA,202,11451,-0.215245252431623,179,Brice Garnett,PGA
0,USA,203,20522,-0.215432167379225,142,Johannes Veerman,EURO
0,RSA,204,24343,-0.218673065851248,227,Christo Lamprecht,KFT
1,USA,205,32319,-0.223624006972918,501,Jackson Koivun,AM
0,GER,206,22087,-0.224586763355014,309,Jeremy Paul,PGA
0,USA,207,22050,-0.22713866975848,195,Justin Suh,PGA
0,NOR,208,15651,-0.228156163367573,207,Kris Ventura,PGA
0,SWE,209,14775,-0.23125078509475,236,Alexander Bjork,EURO
0,KOR,210,21688,-0.239161888119156,163,S.H. Kim,PGA
0,NZL,211,21362,-0.241958723930477,146,Daniel Hillier,EURO
0,RSA,212,24342,-0.251372564559999,262,Garrick Higgo,PGA
0,ITA,213,17357,-0.262686064327872,160,Guido Migliozzi,EURO
0,BEL,214,22002,-0.263421624490854,249,Adrien Dumont De Chassart,PGA
0,USA,215,7452,-0.269664554326951,501,Kevin Na,LIV
0,USA,216,28270,-0.271215731909454,46,Nick Dunlap,PGA
0,USA,217,6892,-0.271881607701742,501,Charles Howell III,LIV
0,CAN,218,17381,-0.272420028652922,200,Ben Silverman,PGA
0,USA,219,4818,-0.277057768721671,501,Steve Stricker,CHAMP
0,KOR,220,11117,-0.289472319031628,347,S.Y. Noh,KFT
0,USA,221,11019,-0.29626372769033,501,Brendan Steele,LIV
0,USA,222,18524,-0.300865872510351,140,John Catlin,ASA
0,ENG,223,25362,-0.301399560691106,211,Alex Fitzpatrick,EURO
0,FRA,224,23733,-0.305425730988767,190,Frederic Lacroix,EURO
0,FIN,225,20085,-0.305857535467883,320,Oliver Lindell,EURO
0,USA,226,24837,-0.306995484765956,335,Noah Goodwin,PGA
1,USA,227,29827,-0.310330367924981,501,Ben James,AM
0,AUS,228,19232,-0.318257221841748,267,Travis Smyth,ASA
0,JPN,229,19190,-0.322222924394526,192,Rikuya Hoshino,EURO
0,ENG,230,24185,-0.325394952119499,143,Richard Mansell,EURO
0,ENG,231,20766,-0.325966883438332,133,Daniel Brown,EURO
0,USA,232,16395,-0.326973960630482,169,Ben Kohles,PGA
0,USA,233,29770,-0.331220493043378,187,William Mouw,PGA
0,NZL,234,14373,-0.333226012049467,175,Ben Campbell,ASA
0,SCO,235,22089,-0.334753004953014,218,Connor Syme,EURO
0,USA,236,14007,-0.340030827161588,348,Ben Martin,PGA
1,USA,237,31343,-0.341318924879817,501,David Ford,AM
0,USA,238,18761,-0.346668051732357,361,Trey Mullinax,PGA
0,USA,239,18635,-0.355249176945633,278,Robby Shelton,PGA
0,ESP,240,22259,-0.360850675650682,164,Alejandro Del Rey,EURO
0,AUS,241,24304,-0.360893277493534,117,Karl Vilips,PGA
0,USA,242,7334,-0.364779537282165,501,Bubba Watson,LIV
0,MEX,243,28016,-0.372409548606982,328,Emilio Gonzalez,KFT
0,ENG,244,22608,-0.373689344317937,288,Todd Clements,EURO
0,THA,245,19844,-0.378206829339872,306,Sadom Kaewkanjana,ASA
0,SCO,246,25131,-0.379701900854671,171,Calum Hill,EURO
0,ZIM,247,19538,-0.382705248566514,332,Kieran Vincent,ASA
0,USA,248,21943,-0.382863687997077,206,Hank Lebioda,KFT
0,USA,249,19477,-0.386435168678822,145,Adam Schenk,PGA
0,USA,250,32055,-0.388596677333202,223,Neal Shipley,KFT
0,ENG,251,18027,-0.392537448719242,420,Nathan Kimsey,EURO
0,RSA,252,11952,-0.393514613832257,406,Branden Grace,LIV
0,PHI,253,15274,-0.398034534123799,296,Miguel Tabuena,ASA
0,SCO,254,11396,-0.405781897825829,293,Richie Ramsay,EURO
0,ESP,255,30445,-0.407483503949925,203,Angel Ayora,EURO
0,JPN,256,20984,-0.415179066668919,317,Taisei Shimizu,JPN
0,USA,257,21236,-0.421368089558923,242,Wesley Bryan,PGA
0,RSA,258,27900,-0.423276637425403,124,Aldrich Potgieter,PGA
0,JPN,259,15756,-0.426865001279835,282,Kazuki Higa,ASA
0,AUS,260,8605,-0.428306763509658,501,Matt Jones,LIV
0,JPN,261,14904,-0.43005591005321,301,Ryosuke Kinoshita,JPN
0,USA,262,30463,-0.430108194448236,336,Caleb Surratt,LIV
0,USA,263,7960,-0.431978581592104,168,Luke List,PGA
0,FRA,264,19960,-0.434459329961891,56,Matthieu Pavon,PGA
0,USA,265,16341,-0.446159364999404,228,Paul Peterson,PGA
0,CAN,266,12413,-0.448335267502455,226,Richard Lee,ASA
0,USA,267,25002,-0.453657187449945,259,Dylan Wu,PGA
0,USA,268,1547,-0.454509274602361,501,Phil Mickelson,LIV
0,USA,269,18187,-0.454865958400226,324,Tyler Duncan,PGA
0,USA,270,19846,-0.461590411188316,291,Zach Bauchou,KFT
0,JPN,271,13485,-0.465807009117656,254,Shugo Imahira,JPN
0,FRA,272,27811,-0.468235969924736,277,Martin Couvra,EURO
0,NZL,273,4871,-0.468610794305143,501,Steven Alker,CHAMP
0,SWE,274,10418,-0.468862229898538,434,Niklas Lemke,EURO
0,USA,275,17639,-0.482396205025918,217,Zac Blair,PGA
0,USA,276,8820,-0.484188757874728,369,Brandt Snedeker,PGA
0,USA,277,18869,-0.484827304469116,274,Rick Lamb,KFT
0,SCO,278,11397,-0.485062317620976,307,Scott Jamieson,EURO
0,KOR,279,28276,-0.488802454648841,172,Yubin Jang,KOR
0,USA,280,7489,-0.493442403884019,311,Ryan Moore,PGA
0,ESP,281,12988,-0.497854143799806,213,Ignacio Elvira Mijares,EURO
0,USA,282,13470,-0.503709947087597,141,Patton Kizzire,PGA
0,GER,283,12522,-0.509985247390184,344,Marcel Schneider,EURO
0,USA,284,21412,-0.511226287773938,170,Frankie Capan III,PGA
0,ITA,285,7033,-0.5118400295573,501,Edoardo Molinari,EURO
0,GER,286,22736,-0.516100590516434,237,Thomas Rosenmueller,KFT
0,UAE,287,14975,-0.5192610531033,232,Adrian Otaegui,EURO
0,ENG,288,12920,-0.521663059534722,337,Danny Willett,PGA
0,USA,289,8480,-0.521913516061975,224,Kevin Streelman,PGA
0,USA,290,5665,-0.522881686246822,440,Stewart Cink,CHAMP
0,USA,291,19865,-0.530252071328896,362,Nick Hardy,PGA
0,AUS,292,12734,-0.530495349930781,299,Jason Scrivener,EURO
0,USA,293,25442,-0.53460299019271,239,Taylor Montgomery,PGA
0,MAS,294,12530,-0.536594739100476,343,Gavin Green,EURO
0,SCO,295,13831,-0.540230877493139,300,Russell Knox,KFT
0,USA,296,24481,-0.550269361407392,405,Doc Redman,KFT
0,POR,297,18722,-0.554952466375244,339,Ricardo Gouveia,EURO
0,USA,298,25036,-0.565830646116782,365,Ian Holt,KFT
0,ENG,299,17813,-0.570013860315892,199,Marcus Armitage,EURO
0,ENG,300,19866,-0.572409237250364,501,Sam Horsfield,LIV
0,USA,301,25319,-0.572673777058809,467,John VanDerLaan,KFT
0,SWE,302,14018,-0.577386995219168,319,Jens Dantorp,EURO
0,ENG,303,22465,-0.582023614082013,345,Marco Penge,EURO
0,RSA,304,18105,-0.583621790029145,73,Thriston Lawrence,EURO
0,USA,305,29279,-0.584505695910833,219,Jackson Suber,PGA
0,KOR,306,13497,-0.589707266772355,189,K.H. Lee,PGA
0,HKG,307,24298,-0.600381095587324,410,Taichi Kho,ASA
0,SCO,308,9586,-0.603761453565532,302,Martin Laird,PGA
0,USA,309,29197,-0.605847769726782,501,Michael Brennan,PTA
0,KOR,310,16162,-0.606097341423203,368,Seung-taek Lee,KFT
0,USA,311,13127,-0.607581133281071,291,Kevin Tway,PGA
0,PAR,312,9842,-0.611011413463194,314,Fabrizio Zanotti,EURO
0,DEN,313,15680,-0.612547874114044,258,Jeff Winther,EURO
0,USA,314,14140,-0.617936562906359,188,Harry Higgs,PGA
0,ESP,315,19635,-0.625151069736459,264,Ivan Cantero Gutierrez,EURO
0,SWE,316,21875,-0.625229693270443,212,Tim Widing,KFT
0,NZL,317,24369,-0.625870306050906,334,Kazuma Kobori,EURO
1,USA,318,26953,-0.628536546042068,501,Ian Gilligan,AM
0,USA,319,23610,-0.631776685930289,303,Sean Crocker,EURO
0,RSA,320,11955,-0.632539729046191,287,Dylan Frittelli,EURO
0,FRA,321,26213,-0.632819214839595,341,Jeong Weon Ko,EURO
1,RSA,322,27947,-0.635882535837557,501,Christian Maas,AM
0,GER,323,6950,-0.639667596149209,225,Marcel Siem,EURO
0,AUT,324,21677,-0.6411947804229,346,Maximilian Steinlechner,CHA
0,JPN,325,20448,-0.643411287431182,248,Yuto Katsuragawa,EURO
0,USA,326,23542,-0.643599948373958,432,Cameron Champ,PGA
1,USA,327,31188,-0.646044106886961,501,Brendan Valdes,AM
1,USA,328,31955,-0.650638642161134,501,Jackson Van Paris,AM
0,JPN,329,28268,-0.658960988996094,390,Kota Kaneko,JPN
0,USA,330,13305,-0.669526059959856,360,Kevin Chappell,PGA
0,SWE,331,25475,-0.669580924043958,436,Pontus Nyholm,KFT
0,USA,332,15852,-0.670333888638124,473,Kelly Kraft,PGA
0,SWE,333,5994,-0.673364949534926,501,Henrik Stenson,LIV
0,ITA,334,7655,-0.676841253018802,473,Francesco Molinari,PGA
0,RSA,335,25889,-0.679858054255372,310,Wilco Nienaber,EURO
0,JPN,336,19681,-0.680873759198525,327,Taiga Semikawa,JPN
0,CHN,337,16757,-0.684371362563686,497,Zecheng Dou,KFT
0,RSA,338,26947,-0.684711644764809,316,Casey Jarvis,EURO
0,RSA,339,18174,-0.684993748816786,419,JC Ritchie,CHA
0,USA,340,30767,-0.686247254155536,423,Nick Gabrelcik,KFT
0,USA,341,16433,-0.686354218919599,315,Matt NeSmith,PGA
0,RSA,342,25890,-0.688128583622969,469,Yurav Premlall,AFR
0,NOR,343,17747,-0.697907341752141,358,Andreas Halvorsen,CHA
0,TPE,344,16563,-0.701818280167979,270,Chieh-Po Lee,ASA
1,USA,345,32064,-0.70237911475425,501,Miles Russell,AM
0,USA,346,27820,-0.702946411827076,233,John Pak,PGA
0,USA,347,18059,-0.704134907673406,496,Julian Suri,KFT
0,USA,348,25919,-0.704287700260891,501,Matthew Wolff,LIV
0,USA,349,25213,-0.705835460646479,367,Brandon Wu,PGA
0,USA,350,30892,-0.708563096429523,443,Matthew Riedel,PGA
0,USA,351,24956,-0.710775337146728,455,Chandler Blanchet,KFT
0,GER,352,19898,-0.711152068415141,240,Yannik Paul,EURO
0,USA,353,31251,-0.716843670675046,323,Trey Winstead,KFT
1,USA,354,32593,-0.717668217832178,501,Tommy Morrison,AM
0,USA,355,26660,-0.71772942789589,349,Will Gordon,PGA
0,CAN,356,15596,-0.723138747447359,340,Aaron Cockerill,EURO
0,DEN,357,25611,-0.723909545186151,501,Jacob Skov Olesen,EURO
0,USA,358,32312,-0.724137550820947,359,Cole Sherwood,KFT
0,FRA,359,12213,-0.727040664178787,395,Benjamin Hebert,EURO
0,IND,360,17081,-0.730385585307502,275,Shubhankar Sharma,EURO
0,USA,361,20353,-0.730433655043244,468,Tom Whitney,KFT
0,USA,362,18662,-0.731087454110465,269,Ollie Schniederjans,KFT
0,FRA,363,28157,-0.731598076226749,352,Tom Vaillant,EURO
0,ESP,364,24127,-0.731911527069787,202,Angel Hidalgo,EURO
0,ENG,365,19948,-0.733265502636637,501,Ben Taylor,PGA
0,ENG,366,16497,-0.73589653041021,152,Joe Dean,EURO
0,ARG,367,8571,-0.735967686869139,478,Fabian Gomez,KFT
0,USA,368,30621,-0.739861373733556,374,Joe Weiler,KFT
0,AUS,369,19224,-0.746392608545827,208,David Micheluzzi,EURO
0,JPN,370,15056,-0.753139109947751,425,Mikumu Horikawa,JPN
0,SWE,371,22535,-0.75443774727981,286,Vincent Norrman,PGA
0,ESP,372,9133,-0.755050983226917,250,Pablo Larrazabal,EURO
0,USA,373,22986,-0.762054605906131,491,Shad Tuten,KFT
0,USA,374,8085,-0.76320333962092,305,Josh Teater,KFT
0,GER,375,22231,-0.766379341493855,424,Nicolai Von Dellingshausen,EURO
0,USA,376,17280,-0.768866095534398,501,T.J. Vogel,KFT
0,ARG,377,16796,-0.768884943995252,501,Augusto Nunez,KFT
0,JPN,378,14209,-0.771065721075823,463,Jinichiro Kozuma,ASA
0,AUT,379,13089,-0.771271290046139,398,Lukas Nemecz,EURO
0,SWE,380,18514,-0.771336068501774,279,Marcus Kinhult,EURO
0,ENG,381,12426,-0.771996588447739,132,Paul Waring,EURO
0,USA,382,27780,-0.784478240104175,285,Trace Crowe,PGA
0,USA,383,27420,-0.787012386546908,210,Taylor Dickson,KFT
0,USA,384,7961,-0.78848204853995,384,Chez Reavie,PGA
0,KOR,385,16160,-0.789322851975425,363,Younghan Song,JPN
0,ENG,386,29971,-0.790499818493721,201,Dan Bradbury,EURO
0,USA,387,23599,-0.798153172345891,268,Kyle Westmoreland,KFT
0,COL,388,9171,-0.799230164240062,246,Camilo Villegas,PGA
0,FIN,389,13139,-0.801036331421595,387,Tapio Pulkkanen,EURO
0,USA,390,21880,-0.801462459430637,397,Trevor Cone,KFT
0,SCO,391,23708,-0.801959879364101,442,Sandy Scott,KFT
0,USA,392,24354,-0.802231178554401,378,Norman Xiong,PGA
0,ITA,393,20844,-0.804779760164588,402,Stefano Mazzoli,ASA
0,IRL,394,5716,-0.805413933422351,430,Padraig Harrington,CHAMP
0,RSA,395,26000,-0.805846287164118,388,Ian Snyman,ASA
0,DEN,396,22168,-0.80769503108513,257,Hamish Brown,CHA
0,USA,397,15980,-0.809859067564309,185,David Lipsky,PGA
0,USA,398,27762,-0.810291063800722,357,Kevin Velo,KFT
0,USA,399,28542,-0.81194810734716,437,Austin Hitt,KFT
0,ENG,400,15191,-0.820091852946829,364,Matthew Southgate,EURO
0,USA,401,14967,-0.820263739139867,356,Chesson Hadley,PGA
0,AUS,402,16842,-0.82090973693594,353,Curtis Luck,KFT
0,ITA,403,23549,-0.821444560897607,459,Filippo Celli,EURO
0,KOR,404,13498,-0.829298602126785,396,Junghwan Lee,KOR
0,GER,405,19899,-0.829607387485551,456,Max Rottluff,EURO
0,USA,406,23540,-0.835267054612824,370,Mason Andersen,PGA
0,NOR,407,21407,-0.840562727110564,383,Kristoffer Reitan,EURO
0,RSA,408,7679,-0.842385054379426,426,Thomas Aiken,EURO
0,ENG,409,1435,-0.842389651693575,501,Ian Poulter,LIV
0,USA,410,23502,-0.846222889218968,289,Braden Thornberry,KFT
0,RSA,411,874,-0.846257277751758,501,Ernie Els,CHAMP
0,USA,412,19738,-0.848317957047045,501,Kevin Dougherty,PGA
0,MEX,413,15394,-0.850770314033374,501,Roberto Diaz,KFT
0,NIR,414,7548,-0.854737263787504,501,Graeme McDowell,LIV
0,THA,415,12321,-0.856440657970476,318,Kiradech Aphibarnrat,EURO
0,FRA,416,23416,-0.856888153704796,196,David Ravetto,EURO
0,CAN,417,26617,-0.859767096647101,325,Matthew Anderson,PTA
0,MEX,418,26190,-0.859802397597827,411,Alvaro Ortiz,KFT
0,ENG,419,15113,-0.860186593672828,445,Eddie Pepperell,EURO
0,USA,420,14002,-0.863967960119408,438,Tyson Alexander,PGA
0,USA,421,11374,-0.87158196841271,501,James Hahn,PGA
0,AUT,422,9531,-0.875035743702654,247,Bernd Wiesberger,EURO
0,USA,423,29318,-0.887413293381687,304,Logan McAllister,KFT
0,USA,424,12477,-0.894061646382469,501,William McGirt,PGA
0,ENG,425,18555,-0.898738475111263,308,Jamie Rutherford,CHA
0,ENG,426,10873,-0.899673320304887,297,David Skinns,PGA
0,USA,427,28471,-0.901800154871981,321,Davis Shore,KFT
0,USA,428,29708,-0.902726663071787,501,Joey Vrzich,PTA
0,USA,429,23048,-0.904569937216729,414,Jimmy Stanger,PGA
0,ITA,430,26506,-0.906431868083634,501,Gregorio De Leo,CHA
0,RSA,431,19429,-0.915379694805104,245,Dylan Naidoo,AFR
0,KOR,432,20780,-0.920470563264199,261,Minkyu Kim,EURO
0,JPN,433,18809,-0.923143940068946,412,Tomoyo Ikemura,ASA
0,GER,434,8117,-0.936676047269498,501,Martin Kaymer,LIV
0,ENG,435,18244,-0.940705953266186,494,Callum Shinkwin,EURO
0,KOR,436,18484,-0.958301614755077,501,Hanbyeol Kim,KOR
0,JPN,437,14663,-0.965687738868467,501,Shunya Takeyasu,JPN
0,ENG,438,25588,-0.966552001585967,431,Andrew Wilson,EURO
1,USA,439,32089,-0.967125153244993,501,Preston Stout,AM
0,USA,440,31192,-0.974494479447607,428,Ross Steelman,KFT
0,USA,441,32449,-0.975417706957385,312,Ryggs Johnston,EURO
0,USA,442,32152,-0.975675078163062,501,Blades Brown,AM
0,CAN,443,14050,-0.976786139744441,422,Roger Sloan,PGA
0,PUR,444,12909,-0.977921183613045,197,Rafael Campos,PGA
0,USA,445,9643,-0.978960812264094,492,Ryan Blaum,KFT
0,ENG,446,27258,-0.980777712091769,488,Ben Schmidt,EURO
0,GER,447,12317,-0.989908870419532,421,Maximilian Kieffer,EURO
0,RSA,448,6304,-0.991157121626287,501,Jean Hugo,AFR
0,RSA,449,25888,-0.999543652447431,326,Deon Germishuys,EURO
0,NED,450,13374,-1.00464732442576,294,Darius Van Driel,EURO
0,KOR,451,7578,-1.00539640041409,501,Kyungnam Kang,KOR
0,FRA,452,18933,-1.00599361420454,244,Jeremy Gandon,KFT
0,CAN,453,15499,-1.00695221539916,501,Wil Bateman,KFT
0,ENG,454,20519,-1.00886338391341,466,Callum Tarren,PGA
0,NZL,455,24091,-1.01220616406726,449,Nick Voke,ASA
0,SCO,456,27147,-1.01295935160003,501,Euan Walker,CHA
0,USA,457,15427,-1.01390860560661,501,Brandon Harkins,KFT
0,RSA,458,13681,-1.02250126188798,501,Jacques Blaauw,AFR
0,JPN,459,21921,-1.02810006217562,338,Tatsunori Shogenji,ASA
0,USA,460,19869,-1.0302313830333,501,Jack Maguire,KFT
0,SCO,461,16475,-1.03146838627632,265,Grant Forrest,EURO
0,RSA,462,11852,-1.03291725232802,403,Jaco Ahlers,ASA
0,THA,463,18149,-1.03501679257511,392,Phachara Khongwatmai,ASA
1,ESP,464,28473,-1.03511261844979,501,Jose Luis Ballester Barrio,AM
0,USA,465,26531,-1.03563926012104,475,Thomas Walsh,KFT
0,RSA,466,30210,-1.03620591494453,401,Jonothan Broomhead,AFR
0,JPN,467,25263,-1.04832277408876,371,Kaito Onishi,PGA
0,CHI,468,19455,-1.04931999974373,501,Mito Pereira,LIV
0,THA,469,23378,-1.04953332069932,501,Chonlatit Chuenboonngam,ASA
0,NZL,470,11826,-1.05124101859941,501,Danny Lee,LIV
0,ESP,471,26008,-1.0571348357086,418,Manuel Elvira,EURO
0,RSA,472,24093,-1.05754428052183,235,Robin Williams,EURO
0,USA,473,30429,-1.05832200948983,501,Patrick Welch,KFT
0,JPN,474,16464,-1.05856616184612,464,Taichi Nabetani,JPN
0,USA,475,25363,-1.05867008021284,375,Hayden Buckley,PGA
0,USA,476,31285,-1.06684644394371,501,Bryce Lewis,PTA
0,FRA,477,25089,-1.07355761692716,501,Felix Mory,CHA
0,RSA,478,25829,-1.07424562572164,501,Martin Vorster,AFR
0,JPN,479,18994,-1.08037277718956,393,Naoyuki Kataoka,JPN
1,USA,480,30033816,-1.08407232280071,501,Jase Summy,AM
0,ENG,481,15115,-1.08731700919117,435,Jack Senior,EURO
0,USA,482,27597,-1.08821982861914,501,Andy Ogletree,LIV
1,USA,483,30039332,-1.08835581896905,501,Luke Colton,AM
0,ENG,484,4163,-1.09002085534555,501,Luke Donald,EURO
0,USA,485,14847,-1.09018697489556,441,Brandon Crick,KFT
0,AUS,486,24200,-1.09023460578645,216,Elvis Smylie,ANZ
0,USA,487,21889,-1.09109551710421,501,Jeffrey Kang,KFT
0,JPN,488,14371,-1.09567963429583,501,Taihei Sato,JPN
1,USA,489,30029770,-1.09641641707318,501,Carson Bacha,AM
0,JPN,490,25538,-1.09641755131223,501,Tomohiro Ishizaka,JPN
0,COL,491,16591,-1.09647232840171,501,Marcelo Rozo,KFT
0,IND,492,21234,-1.09661834352002,501,Rayhan Thomas,KFT
0,CAN,493,26143,-1.10047095776901,407,Myles Creighton,KFT
0,USA,494,13367,-1.10245740908988,382,Troy Merritt,PGA
0,KOR,495,25806,-1.10382781847234,386,Wooyoung Cho,ASA
0,USA,496,19453,-1.10578015781192,342,MJ Maguire,ASA
0,RSA,497,5754,-1.10980565957248,390,Darren Fichardt,EURO
0,USA,498,19364,-1.11126892339733,501,Richy Werenski,KFT
0,USA,499,26122,-1.11138432562775,501,Patrick Flavin,PTA
0,GER,500,27588,-1.11288078063261,372,Freddy Schott,EURO
